rowid,prof7_id,sand,clay,silt,DEPTH,x,y,PC1,PC2,PC3,PC4,PC5,PC6,PC7,PC8,PC9,PC10,PC11,PC12
1,101,33,20,47,10,608000,385000,4.581156282,1.474366372,0.764087435,-1.036819776,-1.002769762,0.128934791,-0.238441313,0.414934509,-0.514739945,0.137662464,-0.298550906,0.248347201
2,102,60,9,31,10,610000,338000,3.880315955,-0.91938124,0.139516255,1.173466189,0.284465272,1.161166934,0.168047397,1.25162398,-0.928750436,-0.077875563,-0.111474162,0.337433058
3,103,15,23,62,10,610000,360000,5.142219849,2.110330716,0.925753803,-2.429323539,-1.817061401,0.64627307,0.334728386,1.009961535,-0.418464945,-0.327616621,0.350163765,0.266464041
4,104,35,17,48,10,610000,376000,4.28305778,0.580789823,2.078727821,1.138962552,-0.971843807,0.122432895,0.055502673,0.719329217,-0.407475156,-4.72E-04,-0.730658359,-0.107219012
5,105,33,15,52,10,610000,382000,4.009329662,0.192803846,0.838171417,0.730438134,-0.869641293,-1.501696065,0.263293381,0.855973053,0.801473986,-0.281769604,-1.119877238,0.974365277
6,106,61,9,30,10,610000,387000,3.896458012,-0.977761438,0.138860648,0.433726914,0.97753092,-0.333565286,-0.339432765,-0.376151731,-0.90886307,-0.167853224,-0.552305741,0.385417459
7,107,12,23,65,10,613000,341000,5.779836957,2.333860752,-1.287396276,0.424099643,-1.015364462,-0.642799787,-0.277667006,0.815646736,-0.400914962,-0.080176825,0.38949828,-0.143064333
8,108,13,29,58,10,613000,346000,3.398526832,-1.34700974,0.768811903,-1.480705405,0.066937442,0.056863562,-0.436143672,0.442339431,-0.512533523,-0.418497139,-0.852592842,0.524981516
9,109,33,18,49,10,613000,352000,5.733500004,2.668720176,-0.161579758,-0.520298437,-1.097522304,0.656075265,0.041029193,0.6706639,-0.991116945,-0.103681296,0.653192067,-0.756547009
10,110,22,26,52,10,613000,357000,3.782593341,-1.183152649,-0.183668555,-0.091318072,1.411158206,-0.266858667,-1.005855815,-0.411381275,-1.320379368,-0.229323879,-0.490975804,0.494928874
11,111,24,28,48,10,613000,363000,4.769579098,-0.145549597,0.10176526,0.975211185,0.808783856,1.110139452,-0.531967041,-0.446142456,-0.606649108,-0.583423031,0.494646533,0.260619978
12,112,16,32,52,10,613000,368000,3.744958312,-0.516107716,0.281086216,0.516770309,-0.005625556,0.148233454,-0.796117656,0.894279404,-0.874354846,-0.149003576,-0.646154054,0.695468061
13,113,24,12,64,10,613000,385000,5.413836449,2.014192582,1.058765276,1.306277092,-1.471723975,-0.960201434,0.401545385,0.487008254,0.295973515,-0.419420448,-0.422533287,-5.89E-04
14,114,50,10,40,10,613000,390000,4.217829422,0.418394933,0.870582435,1.135824706,-0.315693859,0.46277038,0.00987975,0.858911515,-0.700246657,0.033633697,-0.218865567,-0.051749534
15,115,19,32,49,10,616000,343000,4.707516114,0.806640263,2.372039655,-1.037105513,-0.813898092,1.608781989,-0.449970166,-0.621709219,-0.585693924,-0.202654912,-0.166659383,0.25363847
16,116,30,17,53,10,616000,349000,6.080717679,3.760433503,0.414053939,-0.153443544,-1.36346623,0.057905538,-1.108446736,-0.067790718,-1.765471051,0.172427356,0.856309314,-0.848522485
17,117,36,31,33,10,616000,360000,4.249689974,-1.081896277,-0.966895699,0.044437256,1.302989516,0.577307369,-0.792568819,-0.220894344,-0.031552419,-0.277256209,-0.164367208,0.175271981
18,118,17,20,63,10,616000,365000,5.710202185,2.315084801,1.042055,-0.43848183,-1.645153131,-0.456514286,0.288857321,0.662092124,0.222648613,-0.589146964,-0.473629879,-0.440994232
19,119,28,37,35,10,616000,371000,3.876252249,-0.747496848,0.308453351,0.620582297,0.402568287,-0.267898598,-1.178208626,0.054475012,0.338051813,-0.28519312,-0.606443951,1.060435061
20,120,25,16,59,10,616000,382000,5.687906298,3.280484288,1.067406077,0.362478694,-1.092412282,1.985135468,-1.866433622,-1.814113648,1.56503222,-0.053457041,0.578473129,-0.83780077
21,121,53,11,36,10,616000,387000,4.754918115,0.937616383,1.046725788,-0.244612118,-0.265097304,0.314966544,0.052675606,0.135685609,-0.592626127,-0.044442066,-0.417028209,-0.194653856
22,122,47,8,45,10,616000,393000,2.830661656,-0.744837634,1.775674021,0.676655714,-0.013045346,2.008184055,-1.930477121,-1.543973421,1.861235685,-0.674121436,-0.604051235,0.500825858
23,123,33,14,53,10,619000,346000,3.677991949,-1.60433257,-0.004590463,1.013316285,1.000893293,-0.022883776,-1.73250081,-0.845554204,-0.517281862,-0.647660764,-0.415443739,0.809065769
24,124,35,23,42,10,619000,352000,3.900612451,-0.427134525,0.028432583,-1.888635492,-0.047197914,0.554610671,-0.185138628,0.679314644,-0.568688354,-0.285995962,-0.11160223,0.845414187
25,125,22,26,52,10,619000,357000,3.656308704,-0.625356596,0.178516567,-0.057804229,0.67007862,0.549142532,-1.382816169,0.012695054,-0.30951947,-0.08804687,-0.687078102,0.358377322
26,126,34,25,41,10,619000,374000,4.244319684,-0.871889911,0.994076999,0.928060257,0.574922233,-0.564855483,-0.254488694,-0.500615759,0.756852117,-0.485626813,-0.525731561,0.515230345
27,127,8,24,68,10,619000,379000,5.322520633,2.637079183,0.415561181,0.928473764,-0.791176472,2.614850097,-1.295656633,-0.770914501,2.081142707,-0.131466836,0.40168302,-0.564562577
28,128,21,27,52,10,619000,385000,3.885510554,0.407374833,1.370793595,-2.605273495,0.498470841,0.022370092,-0.904219629,0.392821572,-0.717069701,1.93804159,-0.086685145,0.312698029
29,129,41.5,14,44.5,10,619000,390000,3.684486378,-0.601975366,0.016887106,-1.459831701,0.416879332,-0.586635545,-0.570332082,-0.2530421,-0.575224739,-0.253324731,-0.9926279,0.45812743
30,130,39,11,50,10,619000,396000,3.176921669,-1.510134887,0.370722239,-0.625671974,0.027764415,1.670558281,-0.0372354,0.015271953,0.111069481,-0.837996238,-0.34918252,0.139398721
31,131,18,35,47,10,621000,354000,3.818347412,-0.870825405,1.076247149,-0.979424698,1.163205904,1.191199375,-0.881391122,-1.176351132,-0.858964387,-0.205686134,-0.081707117,0.165807804
32,132,34,14,52,10,621000,376000,3.975069996,-1.074815813,1.11471943,-0.462673482,1.193333527,0.62334152,-0.997234107,-1.077398706,-0.597867949,-0.261307527,-0.548190066,0.201201416
33,133,23,23,54,10,621000,382000,4.887876123,0.599423097,0.88101087,-0.387497175,-0.096762552,0.717564479,-0.081191844,-0.251786423,-1.167276697,-0.420217314,0.077743367,0.190817963
34,134,31.25,13,55.75,10,621000,387000,3.294771547,-0.342344734,1.841717302,-1.529231819,-0.006848024,-0.958391113,-0.088939106,0.657363129,1.933114863,1.232879866,-0.716565989,0.688174824
35,135,37,8,55,10,621000,393000,2.362661509,-1.60401673,0.754226391,-2.176875461,0.591783907,0.001931793,-0.441311503,0.543215452,-0.60187081,0.661506316,-0.00296525,0.571646466
36,136,22,18,60,10,621000,398000,1.544617551,-1.985531639,0.061902893,-2.34538537,1.44194282,-0.240665375,-0.592571099,0.016979447,0.806650015,0.990714667,-0.193212975,-0.668722069
37,137,51,12,37,10,621000,437000,4.243633616,1.249643696,-2.507788056,0.338535214,0.676382862,3.66169296,-1.829886257,0.7827702,1.035217025,0.350210103,0.07396013,-0.424499007
38,138,25,34,41,10,624000,352000,3.295798332,-0.780126077,-0.02866931,0.13578363,0.027274037,0.717079643,-2.0290559,-0.463086166,2.78302881,-0.208815807,-1.073272117,0.447612169
39,139,32,27,41,10,624000,374000,4.692169069,0.421269662,0.682129701,1.576532091,-1.007229683,0.210868661,1.031173395,1.992361997,0.774893231,-0.818669288,-0.416782467,0.456736468
40,140,26,18,56,10,624000,385000,3.579188744,0.075497382,2.641063131,-0.699455205,0.297198671,0.323717037,-0.383140361,0.751168165,-0.649465948,1.689314348,-0.028781223,0.291991278
41,141,13,24,63,10,627000,371000,6.085844711,3.202965775,0.723274197,0.335494747,-0.829235329,0.752822369,-0.376278052,-0.038532661,-1.311601959,-0.179462678,0.622512397,-0.797013023
42,142,20,30,50,10,627000,376000,5.203522561,1.20288752,0.715169536,1.668646885,-0.345971321,0.371327082,0.792442608,1.161985476,0.083366728,-0.247082934,0.155306872,0.064963519
43,143,36,21,43,10,627000,382000,4.675719542,0.474969258,0.266195278,-0.931468311,1.423512422,-0.096297252,0.009884721,0.296282302,-0.451310671,1.754101603,0.499719666,-0.306669786
44,144,45,11,44,10,627000,398000,4.453952935,0.664639512,0.007861414,0.890552715,0.25515828,2.472111114,-1.188268839,-0.944140951,2.213139835,0.00223015,0.342321122,0.321195088
45,145,47,13,40,10,627000,431000,4.251476013,0.476001331,2.008240003,0.730499001,-0.454077139,0.679932252,-0.048961614,0.972747596,-0.520828699,-0.166606013,-1.004186052,-0.01740592
46,146,33,23,44,10,627000,437000,5.655514236,1.773157216,-0.116691514,0.159441456,-0.080245716,-0.798364456,-0.985440096,0.02800119,-0.537469037,-0.060940843,-0.231793756,0.287975541
47,147,5,38,57,10,630000,363000,4.537454278,-0.046340257,1.247170094,-1.1127178,0.413470571,1.030112371,-0.686931619,-0.787784546,-0.568437797,-0.072461737,-0.186596176,-0.38207911
48,148,22,44,34,10,629000,379000,4.659171998,0.928900967,2.412471179,1.308034865,-0.492980759,0.846513814,0.110089688,0.296466813,0.398848226,-0.200271433,0.0107407,-0.066900297
49,149,39,14,47,10,629000,390000,2.177330473,-1.952310285,0.19960383,1.109303702,2.255367904,-1.119603179,-1.329835353,-0.839573047,0.103906138,1.362793261,0.882048628,0.410952856
50,150,26,9,65,10,629000,396000,4.217416449,-0.313213761,1.356481202,-1.216760504,0.500520177,2.553581633,0.570013238,-0.453831418,-0.432573301,-0.129249654,-0.031495954,-0.87475216
51,151,68,8,24,10,629000,407000,4.788676265,1.886419422,1.892424604,0.792042867,-1.516956745,-1.377321374,-0.347394018,0.449426158,0.187138029,0.011810974,-1.250632039,-0.228079254
52,152,42,26,32,10,629000,418000,3.544783859,0.051996443,1.114240929,-2.399911417,-0.230924541,0.659786908,-0.573695693,0.203393489,-0.944581204,-0.171071498,-0.538817828,0.905617128
53,153,33,22,45,10,629000,429000,4.549548886,0.48428323,-0.183844979,1.100133904,-0.12048932,-0.291786751,-0.342373504,1.116796049,0.05197775,-0.271870605,-0.304090992,0.742853646
54,154,52,11,37,10,629000,434000,5.625307671,1.320513004,-0.971484355,0.818708021,-0.082451727,-0.555798428,-0.312231426,0.991033007,-0.111996078,-0.059102562,0.266958366,0.401698387
55,155,15,50,35,10,630000,440000,5.413708359,1.481604457,-0.058239793,2.072778459,0.771010725,1.296508653,-3.304198371,-1.898299494,1.130624224,-0.095303301,0.374113169,0.951732283
56,156,28,31,41,10,630000,445000,6.053608778,2.533106147,-1.058978931,-0.329865803,-0.092625383,-1.086791525,-1.161037076,0.019755546,-0.836930139,0.217826575,0.183951757,-0.348698963
57,157,4,40,56,10,632000,354000,4.006966999,-1.158606619,-0.141152093,-0.197764028,0.903291906,-0.606288892,-0.816888169,-0.139784068,-0.706423829,-0.301633344,-0.843404812,0.571687239
58,158,14,34,52,10,632000,365000,4.318740345,-0.557400349,-0.0363357,0.033120931,1.354078087,-0.299541501,-1.517239278,-1.176783888,-0.578306618,-0.049633099,-0.3244005,0.504586343
59,159,27,28,45,10,632000,376000,5.023922148,1.397801509,1.888712724,0.994518942,-0.260092763,0.872068736,-0.276930175,-0.161365819,-1.274883942,0.159980485,0.149746248,-0.032016756
60,160,37,14,49,10,632000,398000,3.818130019,-1.108349834,-1.077277275,-0.397165703,1.331668482,0.590663041,-1.097650694,-0.696700112,-0.694600316,0.01352136,-0.514017268,-0.096116139
61,161,52,12,36,10,632000,409000,5.443778818,1.897621933,2.474504656,-0.28898341,-0.277465786,0.332082549,-0.134331311,-1.043816697,-1.363965159,0.044584643,0.075968455,-0.691825263
62,162,60,12,28,10,632000,415000,4.992514072,0.9845771,1.410023007,-0.264836389,-0.120031886,1.357090175,-0.557528726,-0.69206599,-0.535912414,-0.352517789,-0.195496799,-0.200133207
63,163,31,21,48,10,632000,426000,3.13776399,-1.301562208,-0.345771434,0.67839816,0.966080802,0.342840636,-0.565303878,-0.186917412,0.135050816,-0.983924131,-0.255258496,0.543008954
64,164,21,32,47,10,632000,431000,4.035208997,-0.920471364,-0.158238225,-1.487272216,0.459140765,0.141932621,0.187812791,0.745030326,-0.305415727,-0.450343445,-0.740953272,-0.152022032
65,165,15,26,59,10,632000,437000,6.247246099,1.944333599,-0.563558426,1.09079742,0.186408398,-1.166287876,-1.744079177,-0.486774945,-1.256078043,-0.16223255,0.375237107,0.548049079
66,166,34,31,35,10,632000,442000,5.976449487,3.150357518,0.120729357,0.150810207,-2.033860002,-1.073666617,-1.349399495,0.967365623,-0.379198842,-0.121847079,-0.316867841,0.010903217
67,167,36,21,43,10,632000,448000,4.672271189,1.542786885,1.182830785,-4.173172967,-1.328652477,0.797024266,-1.441820846,0.160944197,-1.444217513,0.093180329,0.553165335,1.819446439
68,168,11,35,54,10,635000,352000,5.396328096,0.397685699,-0.674851264,1.571229848,-0.84449861,1.262318317,2.218615755,2.507566042,1.098339761,-0.862579896,0.537318421,0.244710026
69,169,14,32,54,10,635000,357000,5.517815883,1.180005275,1.017407519,-2.196839885,0.101318632,1.288396266,-0.288315282,-1.128554706,-0.615932104,-0.073292296,0.955793323,-0.337837009
70,170,12,27,61,10,635000,363000,4.326402211,-0.251123265,0.828751084,0.815643951,0.721630559,-0.491746318,-1.41232747,-0.682146001,0.023715161,-0.118740736,-0.541339949,1.069856825
71,171,13,29,58,10,635000,368000,4.964788935,1.313711476,3.307011209,1.705435973,-1.22601224,1.047749336,0.398603561,0.736876366,-0.363513845,-0.434220738,-1.50891245,-0.724416018
72,172,23,28,49,10,635000,379000,4.982413811,2.215103489,0.822250223,-3.264341961,-1.323997028,0.063360899,-0.716570431,-0.33341369,-0.981153872,0.222066918,0.098727281,0.392422179
73,173,11,42,47,10,635000,429000,5.524931277,1.26414033,-0.875431282,-0.324096952,0.127448852,-1.029573054,-0.813891308,-0.479987672,0.734186909,-0.085942656,-0.205201561,0.178686473
74,174,24,29,47,10,635000,434000,5.684828428,1.136299362,-1.569278673,-0.990039377,0.214480512,-2.077422853,-1.5198667,-0.06040816,-0.292552765,0.07781304,-1.10113179,-0.117752095
75,175,26,30,44,10,635000,440000,5.411414093,1.551956194,3.472001559,0.142053256,-1.333362223,0.392635943,-0.762800445,0.532705265,-0.851709607,0.153510072,-0.934046562,-0.132220353
76,176,40,23,37,10,635000,451000,5.00256312,0.596770594,1.45356331,2.878313276,0.067469781,-0.64521815,-0.877816442,0.60047111,-0.561028313,-0.013873083,-0.061039842,1.368564794
77,177,23,26,51,10,638000,354000,5.861433804,2.124939441,0.055760556,-0.220370591,-0.56637276,0.716288084,0.190233115,0.53625406,0.167840681,0.579525382,0.867212247,-0.813844611
78,178,10,43,47,10,638000,360000,6.409757708,3.446871434,0.256275415,-1.364521741,-1.063733013,-1.085355219,-0.829162237,-0.756406775,-0.056245737,0.642069286,0.96863547,-0.940744424
79,179,38,19,43,10,638000,382000,5.078091891,2.060938899,2.00668518,0.826571862,-0.799358372,0.188673616,-0.035687751,-0.048189945,0.090542669,0.484983844,0.565248625,-0.309371936
80,180,24,29,47,10,638000,404000,4.806555993,0.76966978,1.913378501,-2.128441877,-0.372161617,0.058108261,-0.426261748,-0.81938717,-1.094660926,-0.032186348,-0.497808604,0.091852101
81,181,56,11,33,10,638000,415000,5.463535996,2.712326236,1.697743517,1.707986043,-1.175656146,1.233909628,-1.925894911,-1.182913608,2.474599981,-0.269290504,-0.271225845,0.001369814
82,182,23,35,42,10,638000,431000,5.042462967,0.804948115,3.743351973,1.607582055,-1.028996369,0.078564489,0.244757482,0.881011938,0.181980848,-0.247647458,-1.177041122,0.20072978
83,183,43,25,32,10,638000,437000,6.807867624,2.722467124,0.249091097,0.808583232,-1.304943069,-2.435853373,-0.14235978,0.851844918,0.810721671,-0.293821882,0.316365159,0.32687368
84,184,23,25,52,10,638000,442000,6.327388357,2.909594185,-1.019243694,0.831347656,-1.025054552,0.814117412,-1.315464025,1.085658946,-1.081985479,-0.074510583,0.590042885,0.100335504
85,185,41,21,38,10,638000,453000,6.004929046,1.892576065,-1.943415899,-1.4084035,-0.444973382,-1.361692894,-0.498201407,0.664805948,-0.129716242,0.198384646,-0.36365519,-0.868596219
86,186,14,20,66,10,640000,357000,6.122621613,3.037779929,0.136354702,-1.349324718,-2.722361535,-1.910861306,0.440956435,0.67154032,1.04669828,-0.579299323,-0.026552485,0.042100153
87,187,49,25,26,10,640000,412000,5.790894041,2.506998552,2.526221485,1.530444066,-1.670324542,-1.436876718,0.103008875,0.538677151,0.301962009,-0.180289403,-0.562581139,-0.255976155
88,188,33,22,45,10,640000,418000,4.110924752,-0.924284711,0.974617057,0.41522347,-0.142837809,0.296836274,-0.23789834,0.827031885,-0.338420937,-0.754523365,-1.165518372,0.06732702
89,189,6.75,37.5,55.75,10,640000,429000,6.260139496,2.954689642,3.958963493,1.688840708,-1.238956331,-0.852999807,-0.296981341,-0.349349014,-0.534756896,0.567231507,-0.362603147,-1.327973142
90,190,26,32,42,10,640000,434000,5.63005672,0.881872635,0.011139584,2.079757605,0.974433645,-0.737974121,-1.451226079,-0.088829288,-1.272372823,0.084205259,0.325517605,1.071191172
91,191,16,45,39,10,640000,440000,6.65947155,1.749629958,-0.597496576,0.93293563,0.507852502,-0.706299435,-1.042065907,-0.094176838,-1.067584559,0.141752091,0.637967887,0.192143483
92,192,47,19,34,10,640000,445000,5.498795206,1.567015555,2.601592592,0.343094331,-0.802020474,1.823983258,-0.811496033,0.573694652,-1.534765029,0.388647965,-0.840137847,-0.512352095
93,193,34,10,56,10,640000,451000,4.947145434,0.374459743,-1.273943602,1.619087689,0.703253307,0.522351339,-0.622068767,0.998819959,-0.972923586,0.161123987,0.535089491,0.636174042
94,194,22,26,52,10,643000,398000,6.056738216,2.671569815,0.157999717,-0.105888998,-1.428516452,-0.76075543,-0.160508956,0.58220564,-0.149312252,0.236499474,0.416754182,-0.162124898
95,195,19,36,45,10,643000,409000,5.105234829,1.823024891,1.573882243,-2.481514829,-1.756752464,-0.592676593,-0.628779787,0.515323592,-0.272214174,0.076272307,-0.635546868,0.224730606
96,196,33,33,34,10,643000,415000,6.312013099,2.516974394,0.548455888,-0.482977973,-1.00785847,-0.34764048,-0.136958974,0.473043007,-0.341806047,0.072899165,-0.087863023,-1.250398688
97,197,63,12,25,10,643000,437000,5.785737274,0.370250148,-0.558173845,2.041197478,-1.097690782,-1.112987852,0.799165573,2.491633906,1.562254687,-0.825042536,-0.249659703,1.175628551
98,198,44,27,29,10,643000,442000,7.075619251,3.512295621,-0.237735368,1.118451459,-0.333795344,0.294035611,-2.817373133,-1.958542526,1.99877296,0.178655717,1.267910266,-0.160887605
99,199,25,30,45,10,646000,401000,5.83033104,2.773030164,1.028424471,0.775471915,-1.312976044,0.227531728,-1.225497377,-0.260805851,-0.395314184,0.023224845,-0.0509315,-0.898137535
100,200,20,31,49,10,646000,407000,5.180660711,2.454735581,2.424857831,-1.495001322,-1.730383279,0.479967049,-0.70794584,0.518644063,-0.926122507,0.293168034,-0.375078127,-0.154467714
